[
    {
      "Name": "Big Mac",
      "Image_url": "/images/burger1.jpg",
      "rating":"0.00",
      "Offer": "Free delivery for first order"
     
    },
    {
      "Name": "McChicken",
     "Image_url": "/public/images/burger2.jpeg",
     "rating":"0.00",
     "Offer": "Free delivery for first order"
     
    },
    {
      "Name": "Quarter Pounder with Cheese",
    "Image_url": "/public/images/burger3.jpeg",
    "rating":"0.00",
    "Offer": "Free delivery for first order"
      
    },
    {
      "Name": "Filet-O-Fish",
    "Image_url": "/public/images/burger4.jpeg",
    "rating":"0.00",
     "Offer": "Free delivery for first order"
     
    },
    {
      "Name": "McDouble",
    "Image_url": "/public/images/burger5.webp",
    "rating":"0.00",
     "Offer": "Free delivery for first order"
     
    },
    {
      "Name": "Cheeseburger",
    "Image_url": "/public/images/burger6.jpg",
    "rating":"0.00",
      "Offer": "Free delivery for first order"
      
    }
  ]

