[
    {
      "id": "#001",
      "customer": "John Doe",
      "address": "123 Main St, Cityville",
      "date": "2025-03-18",
      "total": "$25.00",
      "status": "Pending",
    
      "method": "Credit Card"
      
    },
    {
      "id": "#002",
      "customer": "John Doe",
      "address": "123 Main St, Cityville",
      "date": "2025-03-18",
      "total": "$25.00",
      "status": "Pending",
    
      "method": "Credit Card"
    },
    {
      "id": "#003",
      "customer": "John Doe",
      "address": "123 Main St, Cityville",
      "date": "2025-03-18",
      "total": "$25.00",
      "status": "Pending",
    
      "method": "Credit Card"
    },
    {
        "id": "#003",
        "customer": "John Doe",
        "address": "123 Main St, Cityville",
        "date": "2025-03-18",
        "total": "$25.00",
        "status": "Pending",
      
        "method": "Credit Card"
      }
  ]
  